School Year,Homeless_Pct
2014-2015,0.017753632
2018-2019,0.024476366